{
  "prompt_v1_scores": {
    "faithfulness": 0.9749913419913421,
    "answer_relevancy": 0.9061679494125444,
    "context_recall": 0.88,
    "context_precision": 0.9899999999141665
  },
  "prompt_v2_scores": {
    "faithfulness": 0.8749942279942279,
    "answer_relevancy": 0.8757020103037685,
    "context_recall": 0.9,
    "context_precision": 0.9899999999151667
  },
  "target_met": true
}